{"garden":["O:17:\"Garden\\Strawberry\":6:{s:13:\"berriesAmount\";i:0;s:6:\"bushID\";i:6;s:7:\"imgPath\";s:21:\".\/img\/strawberry2.png\";s:6:\"toGrow\";i:3;s:5:\"price\";d:4.9000000000000003552713678800500929355621337890625;s:8:\"priceUSD\";d:5.9329200000000010817302609211765229701995849609375;}","O:16:\"Garden\\Blueberry\":6:{s:13:\"berriesAmount\";i:0;s:6:\"bushID\";i:7;s:7:\"imgPath\";s:20:\".\/img\/blueberry2.png\";s:6:\"toGrow\";i:7;s:5:\"price\";d:9.800000000000000710542735760100185871124267578125;s:8:\"priceUSD\";d:11.865840000000002163460521842353045940399169921875;}","O:17:\"Garden\\Strawberry\":6:{s:13:\"berriesAmount\";i:0;s:6:\"bushID\";i:8;s:7:\"imgPath\";s:21:\".\/img\/strawberry3.png\";s:6:\"toGrow\";i:3;s:5:\"price\";d:4.9000000000000003552713678800500929355621337890625;s:8:\"priceUSD\";d:5.9329200000000010817302609211765229701995849609375;}","O:16:\"Garden\\Blueberry\":6:{s:13:\"berriesAmount\";i:0;s:6:\"bushID\";i:9;s:7:\"imgPath\";s:20:\".\/img\/blueberry3.png\";s:6:\"toGrow\";i:7;s:5:\"price\";d:9.800000000000000710542735760100185871124267578125;s:8:\"priceUSD\";d:11.865840000000002163460521842353045940399169921875;}"],"ID":9}